Workload,Feature1,Feature2,Feature3,Feature4
Workload1,0.463258,0.814976,0.770092,1.12258
Workload2,0.459945,0.640266,0.645717,1.11812
Workload3,0.073403,0.440182,0.349995,0.845413333
