,Workload1,Workload2,Workload3,Workload4
Sensitivity1,0.358501,0.555224,0.582124,0.961647
Sensitivity2,0.619775,0.60003,1.30158,1.15017
Sensitivity3,0.84468,0.979834,2.87864,2.67867
